method,source,enhanced_frame_frac,relative_cost,cost_saving_vs_always_hirti_pct,HOTA,MOTA,IDF1,CLR_TP,CLR_FN,CLR_FP,IDSW,Frag,Dets,IDs,d_HOTA_vs_Original_stream_verified_policy,d_IDF1_vs_Original_stream_verified_policy,d_IDSW_vs_Original_stream_verified_policy,d_HOTA_vs_Always_HRTI_verified_policy,d_IDF1_vs_Always_HRTI_verified_policy,d_IDSW_vs_Always_HRTI_verified_policy,d_HOTA_vs_Original_stream_BoT_SORT,d_IDF1_vs_Original_stream_BoT_SORT,d_IDSW_vs_Original_stream_BoT_SORT,d_HOTA_vs_Always_HRTI_BoT_SORT,d_IDF1_vs_Always_HRTI_BoT_SORT,d_IDSW_vs_Always_HRTI_BoT_SORT
Frozen train-val-selected Cost-Agent,official_test_once,0.5470179290157337,2.641053787047201,33.973655323819976,62.614,62.138,73.338,151391.0,44803.0,23015.0,6465.0,6051.0,174406.0,12714.0,0.7319999999999993,0.9279999999999973,-364.0,0.15699999999999648,0.08599999999999852,-182.0,0.7909999999999968,1.0150000000000006,-304.0,0.1839999999999975,0.20699999999999363,-366.0
Original stream + verified policy,controlled_official_test_eval,0.0,1.0,75.0,61.882,60.656,72.41,149509.0,46685.0,23676.0,6829.0,6731.0,173185.0,13402.0,0.0,0.0,0.0,-0.5750000000000028,-0.8419999999999987,182.0,0.0589999999999975,0.0870000000000033,60.0,-0.5480000000000018,-0.7210000000000036,-2.0
Always-HRTI + verified policy,controlled_official_test_eval,1.0,4.0,0.0,62.457,62.156,73.252,151549.0,44645.0,22955.0,6647.0,6016.0,174504.0,12925.0,0.5750000000000028,0.8419999999999987,-182.0,0.0,0.0,0.0,0.6340000000000003,0.929000000000002,-122.0,0.027000000000001023,0.12099999999999511,-184.0
Original BoT-SORT BoT_SORT,controlled_official_test_eval,0.0,1.0,75.0,61.823,60.659,72.323,147864.0,48330.0,22086.0,6769.0,6574.0,169950.0,12991.0,-0.0589999999999975,-0.0870000000000033,-60.0,-0.6340000000000003,-0.929000000000002,122.0,0.0,0.0,0.0,-0.6069999999999993,-0.8080000000000069,-62.0
Always-HRTI BoT-SORT BoT_SORT,controlled_official_test_eval,1.0,4.0,0.0,62.43,62.037,73.131,150766.0,45428.0,22222.0,6831.0,6020.0,172988.0,13187.0,0.5480000000000018,0.7210000000000036,2.0,-0.027000000000001023,-0.12099999999999511,184.0,0.6069999999999993,0.8080000000000069,62.0,0.0,0.0,0.0
