metric,baseline,n_sequences,mean_delta_agent_minus_baseline,bootstrap_ci95_low,bootstrap_ci95_high,two_sided_sign_flip_p
HOTA,Original_stream_verified_policy,50,0.17343875000000022,-0.3220421206250001,0.6701416162500007,0.5036248187590621
HOTA,Always_HRTI_verified_policy,50,0.035936749999999726,-0.2627567000000001,0.36282368124999964,0.8325083745812709
HOTA,Original_BoT-SORT_BoT_SORT,50,0.25374249999999976,-0.16693125000000042,0.7148725068750001,0.2862856857157142
HOTA,Always-HRTI_BoT-SORT_BoT_SORT,50,-0.03014674999999917,-0.34423944999999984,0.30936593125000145,0.8667566621668916
